trial,iterations,stage,stage_calls,stage_total_ns,region,region_calls,region_total_ns,stage_share_pct
1,10000,encapsulation,10000,110522000,error_rng_filter,17805,14092000,12.750403
1,10000,encapsulation,10000,110522000,error_sort_collision_check,17805,14878000,13.461573
1,10000,encapsulation,10000,110522000,error_vector_materialize,10000,19213000,17.383869
1,10000,encapsulation,10000,110522000,syndrome_public_key_scan,10000,48354000,43.750565
1,10000,encapsulation,10000,110522000,preimage_copy,10000,348000,0.314869
1,10000,encapsulation,10000,110522000,shake256_shared_secret,10000,10305000,9.323936
1,10000,decapsulation,10000,1310293000,preprocess,10000,1053000,0.080364
1,10000,decapsulation,10000,1310293000,benes_inverse,10000,37375000,2.852415
1,10000,decapsulation,10000,1310293000,scaling_fft,10000,149894000,11.439731
1,10000,decapsulation,10000,1310293000,scaling_batch_inverse,10000,142429000,10.870012
1,10000,decapsulation,10000,1310293000,scaling_apply,10000,1968000,0.150195
1,10000,decapsulation,10000,1310293000,syndrome_fft_tr,10000,184152000,14.054261
1,10000,decapsulation,10000,1310293000,berlekamp_massey,10000,309635000,23.630974
1,10000,decapsulation,10000,1310293000,locator_fft,10000,149948000,11.443853
1,10000,decapsulation,10000,1310293000,root_extract,10000,1183000,0.090285
1,10000,decapsulation,10000,1310293000,scaling_inverse_apply,10000,1208000,0.092193
1,10000,decapsulation,10000,1310293000,reencrypt_fft_tr,10000,221691000,16.919193
1,10000,decapsulation,10000,1310293000,syndrome_compare,10000,241000,0.018393
1,10000,decapsulation,10000,1310293000,benes_forward,10000,39166000,2.989102
1,10000,decapsulation,10000,1310293000,postprocess,10000,821000,0.062658
1,10000,decapsulation,10000,1310293000,weight_check,10000,54152000,4.132816
1,10000,decapsulation,10000,1310293000,preimage_select,10000,698000,0.053271
1,10000,decapsulation,10000,1310293000,shake256_shared_secret,10000,9840000,0.750977
2,10000,encapsulation,10000,94158000,error_rng_filter,17950,9793000,10.400603
2,10000,encapsulation,10000,94158000,error_sort_collision_check,17950,9886000,10.499373
2,10000,encapsulation,10000,94158000,error_vector_materialize,10000,18123000,19.247435
2,10000,encapsulation,10000,94158000,syndrome_public_key_scan,10000,43965000,46.692793
2,10000,encapsulation,10000,94158000,preimage_copy,10000,332000,0.352599
2,10000,encapsulation,10000,94158000,shake256_shared_secret,10000,9618000,10.214745
2,10000,decapsulation,10000,1195185000,preprocess,10000,990000,0.082832
2,10000,decapsulation,10000,1195185000,benes_inverse,10000,37968000,3.176747
2,10000,decapsulation,10000,1195185000,scaling_fft,10000,139008000,11.630668
2,10000,decapsulation,10000,1195185000,scaling_batch_inverse,10000,133417000,11.162874
2,10000,decapsulation,10000,1195185000,scaling_apply,10000,1478000,0.123663
2,10000,decapsulation,10000,1195185000,syndrome_fft_tr,10000,166441000,13.925961
2,10000,decapsulation,10000,1195185000,berlekamp_massey,10000,295555000,24.728808
2,10000,decapsulation,10000,1195185000,locator_fft,10000,145839000,12.202211
2,10000,decapsulation,10000,1195185000,root_extract,10000,660000,0.055222
2,10000,decapsulation,10000,1195185000,scaling_inverse_apply,10000,1184000,0.099064
2,10000,decapsulation,10000,1195185000,reencrypt_fft_tr,10000,168058000,14.061254
2,10000,decapsulation,10000,1195185000,syndrome_compare,10000,204000,0.017068
2,10000,decapsulation,10000,1195185000,benes_forward,10000,38049000,3.183524
2,10000,decapsulation,10000,1195185000,postprocess,10000,553000,0.046269
2,10000,decapsulation,10000,1195185000,weight_check,10000,50684000,4.240682
2,10000,decapsulation,10000,1195185000,preimage_select,10000,636000,0.053214
2,10000,decapsulation,10000,1195185000,shake256_shared_secret,10000,9787000,0.818869
3,10000,encapsulation,10000,91475000,error_rng_filter,17915,8693000,9.503143
3,10000,encapsulation,10000,91475000,error_sort_collision_check,17915,8778000,9.596064
3,10000,encapsulation,10000,91475000,error_vector_materialize,10000,18041000,19.722329
3,10000,encapsulation,10000,91475000,syndrome_public_key_scan,10000,44301000,48.429626
3,10000,encapsulation,10000,91475000,preimage_copy,10000,273000,0.298442
3,10000,encapsulation,10000,91475000,shake256_shared_secret,10000,9320000,10.188576
3,10000,decapsulation,10000,1179341000,preprocess,10000,896000,0.075975
3,10000,decapsulation,10000,1179341000,benes_inverse,10000,43487000,3.687398
3,10000,decapsulation,10000,1179341000,scaling_fft,10000,138542000,11.747408
3,10000,decapsulation,10000,1179341000,scaling_batch_inverse,10000,133363000,11.308265
3,10000,decapsulation,10000,1179341000,scaling_apply,10000,1510000,0.128038
3,10000,decapsulation,10000,1179341000,syndrome_fft_tr,10000,170636000,14.468758
3,10000,decapsulation,10000,1179341000,berlekamp_massey,10000,290691000,24.648596
3,10000,decapsulation,10000,1179341000,locator_fft,10000,132245000,11.213466
3,10000,decapsulation,10000,1179341000,root_extract,10000,619000,0.052487
3,10000,decapsulation,10000,1179341000,scaling_inverse_apply,10000,1106000,0.093781
3,10000,decapsulation,10000,1179341000,reencrypt_fft_tr,10000,165071000,13.996885
3,10000,decapsulation,10000,1179341000,syndrome_compare,10000,269000,0.022809
3,10000,decapsulation,10000,1179341000,benes_forward,10000,35972000,3.050178
3,10000,decapsulation,10000,1179341000,postprocess,10000,506000,0.042905
3,10000,decapsulation,10000,1179341000,weight_check,10000,49776000,4.220662
3,10000,decapsulation,10000,1179341000,preimage_select,10000,676000,0.057320
3,10000,decapsulation,10000,1179341000,shake256_shared_secret,10000,9418000,0.798582
4,10000,encapsulation,10000,92099000,error_rng_filter,17856,8380000,9.098904
4,10000,encapsulation,10000,92099000,error_sort_collision_check,17856,8416000,9.137993
4,10000,encapsulation,10000,92099000,error_vector_materialize,10000,20061000,21.781995
4,10000,encapsulation,10000,92099000,syndrome_public_key_scan,10000,43455000,47.182923
4,10000,encapsulation,10000,92099000,preimage_copy,10000,348000,0.377854
4,10000,encapsulation,10000,92099000,shake256_shared_secret,10000,9249000,10.042454
4,10000,decapsulation,10000,1162337000,preprocess,10000,892000,0.076742
4,10000,decapsulation,10000,1162337000,benes_inverse,10000,34548000,2.972288
4,10000,decapsulation,10000,1162337000,scaling_fft,10000,135858000,11.688349
4,10000,decapsulation,10000,1162337000,scaling_batch_inverse,10000,130849000,11.257406
4,10000,decapsulation,10000,1162337000,scaling_apply,10000,1333000,0.114683
4,10000,decapsulation,10000,1162337000,syndrome_fft_tr,10000,162065000,13.943030
4,10000,decapsulation,10000,1162337000,berlekamp_massey,10000,282952000,24.343370
4,10000,decapsulation,10000,1162337000,locator_fft,10000,141121000,12.141143
4,10000,decapsulation,10000,1162337000,root_extract,10000,637000,0.054803
4,10000,decapsulation,10000,1162337000,scaling_inverse_apply,10000,1110000,0.095497
4,10000,decapsulation,10000,1162337000,reencrypt_fft_tr,10000,171974000,14.795537
4,10000,decapsulation,10000,1162337000,syndrome_compare,10000,336000,0.028907
4,10000,decapsulation,10000,1162337000,benes_forward,10000,34925000,3.004722
4,10000,decapsulation,10000,1162337000,postprocess,10000,529000,0.045512
4,10000,decapsulation,10000,1162337000,weight_check,10000,48898000,4.206869
4,10000,decapsulation,10000,1162337000,preimage_select,10000,664000,0.057126
4,10000,decapsulation,10000,1162337000,shake256_shared_secret,10000,9182000,0.789960
5,10000,encapsulation,10000,90231000,error_rng_filter,17967,8520000,9.442431
5,10000,encapsulation,10000,90231000,error_sort_collision_check,17967,9120000,10.107391
5,10000,encapsulation,10000,90231000,error_vector_materialize,10000,18219000,20.191508
5,10000,encapsulation,10000,90231000,syndrome_public_key_scan,10000,42192000,46.759983
5,10000,encapsulation,10000,90231000,preimage_copy,10000,338000,0.374594
5,10000,encapsulation,10000,90231000,shake256_shared_secret,10000,9665000,10.711396
5,10000,decapsulation,10000,1145660000,preprocess,10000,877000,0.076550
5,10000,decapsulation,10000,1145660000,benes_inverse,10000,34862000,3.042962
5,10000,decapsulation,10000,1145660000,scaling_fft,10000,134187000,11.712637
5,10000,decapsulation,10000,1145660000,scaling_batch_inverse,10000,129768000,11.326921
5,10000,decapsulation,10000,1145660000,scaling_apply,10000,1339000,0.116876
5,10000,decapsulation,10000,1145660000,syndrome_fft_tr,10000,163249000,14.249341
5,10000,decapsulation,10000,1145660000,berlekamp_massey,10000,284711000,24.851265
5,10000,decapsulation,10000,1145660000,locator_fft,10000,130943000,11.429482
5,10000,decapsulation,10000,1145660000,root_extract,10000,641000,0.055950
5,10000,decapsulation,10000,1145660000,scaling_inverse_apply,10000,1195000,0.104307
5,10000,decapsulation,10000,1145660000,reencrypt_fft_tr,10000,161867000,14.128712
5,10000,decapsulation,10000,1145660000,syndrome_compare,10000,239000,0.020861
5,10000,decapsulation,10000,1145660000,benes_forward,10000,36542000,3.189602
5,10000,decapsulation,10000,1145660000,postprocess,10000,488000,0.042596
5,10000,decapsulation,10000,1145660000,weight_check,10000,50080000,4.371279
5,10000,decapsulation,10000,1145660000,preimage_select,10000,653000,0.056998
5,10000,decapsulation,10000,1145660000,shake256_shared_secret,10000,9577000,0.835937
6,10000,encapsulation,10000,100516000,error_rng_filter,17699,8202000,8.159895
6,10000,encapsulation,10000,100516000,error_sort_collision_check,17699,8361000,8.318079
6,10000,encapsulation,10000,100516000,error_vector_materialize,10000,17432000,17.342513
6,10000,encapsulation,10000,100516000,syndrome_public_key_scan,10000,55034000,54.751482
6,10000,encapsulation,10000,100516000,preimage_copy,10000,338000,0.336265
6,10000,encapsulation,10000,100516000,shake256_shared_secret,10000,9043000,8.996578
6,10000,decapsulation,10000,1166542000,preprocess,10000,904000,0.077494
6,10000,decapsulation,10000,1166542000,benes_inverse,10000,38136000,3.269149
6,10000,decapsulation,10000,1166542000,scaling_fft,10000,138671000,11.887356
6,10000,decapsulation,10000,1166542000,scaling_batch_inverse,10000,137157000,11.757571
6,10000,decapsulation,10000,1166542000,scaling_apply,10000,1311000,0.112383
6,10000,decapsulation,10000,1166542000,syndrome_fft_tr,10000,168241000,14.422198
6,10000,decapsulation,10000,1166542000,berlekamp_massey,10000,282895000,24.250734
6,10000,decapsulation,10000,1166542000,locator_fft,10000,133498000,11.443909
6,10000,decapsulation,10000,1166542000,root_extract,10000,627000,0.053749
6,10000,decapsulation,10000,1166542000,scaling_inverse_apply,10000,1492000,0.127899
6,10000,decapsulation,10000,1166542000,reencrypt_fft_tr,10000,160843000,13.788016
6,10000,decapsulation,10000,1166542000,syndrome_compare,10000,238000,0.020402
6,10000,decapsulation,10000,1166542000,benes_forward,10000,34264000,2.937228
6,10000,decapsulation,10000,1166542000,postprocess,10000,521000,0.044662
6,10000,decapsulation,10000,1166542000,weight_check,10000,53129000,4.554401
6,10000,decapsulation,10000,1166542000,preimage_select,10000,636000,0.054520
6,10000,decapsulation,10000,1166542000,shake256_shared_secret,10000,9092000,0.779398
7,10000,encapsulation,10000,84212000,error_rng_filter,17959,7831000,9.299150
7,10000,encapsulation,10000,84212000,error_sort_collision_check,17959,8244000,9.789579
7,10000,encapsulation,10000,84212000,error_vector_materialize,10000,17080000,20.282145
7,10000,encapsulation,10000,84212000,syndrome_public_key_scan,10000,39635000,47.065739
7,10000,encapsulation,10000,84212000,preimage_copy,10000,317000,0.376431
7,10000,encapsulation,10000,84212000,shake256_shared_secret,10000,9007000,10.695625
7,10000,decapsulation,10000,1100373000,preprocess,10000,871000,0.079155
7,10000,decapsulation,10000,1100373000,benes_inverse,10000,32921000,2.991804
7,10000,decapsulation,10000,1100373000,scaling_fft,10000,129939000,11.808632
7,10000,decapsulation,10000,1100373000,scaling_batch_inverse,10000,125197000,11.377687
7,10000,decapsulation,10000,1100373000,scaling_apply,10000,1278000,0.116142
7,10000,decapsulation,10000,1100373000,syndrome_fft_tr,10000,156323000,14.206365
7,10000,decapsulation,10000,1100373000,berlekamp_massey,10000,274586000,24.953902
7,10000,decapsulation,10000,1100373000,locator_fft,10000,126550000,11.500646
7,10000,decapsulation,10000,1100373000,root_extract,10000,575000,0.052255
7,10000,decapsulation,10000,1100373000,scaling_inverse_apply,10000,1016000,0.092332
7,10000,decapsulation,10000,1100373000,reencrypt_fft_tr,10000,155939000,14.171467
7,10000,decapsulation,10000,1100373000,syndrome_compare,10000,217000,0.019721
7,10000,decapsulation,10000,1100373000,benes_forward,10000,33352000,3.030972
7,10000,decapsulation,10000,1100373000,postprocess,10000,452000,0.041077
7,10000,decapsulation,10000,1100373000,weight_check,10000,47359000,4.303904
7,10000,decapsulation,10000,1100373000,preimage_select,10000,584000,0.053073
7,10000,decapsulation,10000,1100373000,shake256_shared_secret,10000,8923000,0.810907
8,10000,encapsulation,10000,94736000,error_rng_filter,17852,11694000,12.343776
8,10000,encapsulation,10000,94736000,error_sort_collision_check,17852,9496000,10.023645
8,10000,encapsulation,10000,94736000,error_vector_materialize,10000,18147000,19.155337
8,10000,encapsulation,10000,94736000,syndrome_public_key_scan,10000,43361000,45.770351
8,10000,encapsulation,10000,94736000,preimage_copy,10000,325000,0.343059
8,10000,encapsulation,10000,94736000,shake256_shared_secret,10000,9546000,10.076423
8,10000,decapsulation,10000,1233590000,preprocess,10000,914000,0.074093
8,10000,decapsulation,10000,1233590000,benes_inverse,10000,37261000,3.020534
8,10000,decapsulation,10000,1233590000,scaling_fft,10000,137160000,11.118767
8,10000,decapsulation,10000,1233590000,scaling_batch_inverse,10000,162611000,13.181932
8,10000,decapsulation,10000,1233590000,scaling_apply,10000,1495000,0.121191
8,10000,decapsulation,10000,1233590000,syndrome_fft_tr,10000,165420000,13.409642
8,10000,decapsulation,10000,1233590000,berlekamp_massey,10000,311899000,25.283846
8,10000,decapsulation,10000,1233590000,locator_fft,10000,137394000,11.137736
8,10000,decapsulation,10000,1233590000,root_extract,10000,682000,0.055286
8,10000,decapsulation,10000,1233590000,scaling_inverse_apply,10000,1257000,0.101898
8,10000,decapsulation,10000,1233590000,reencrypt_fft_tr,10000,175030000,14.188669
8,10000,decapsulation,10000,1233590000,syndrome_compare,10000,217000,0.017591
8,10000,decapsulation,10000,1233590000,benes_forward,10000,37531000,3.042421
8,10000,decapsulation,10000,1233590000,postprocess,10000,504000,0.040856
8,10000,decapsulation,10000,1233590000,weight_check,10000,49681000,4.027351
8,10000,decapsulation,10000,1233590000,preimage_select,10000,674000,0.054637
8,10000,decapsulation,10000,1233590000,shake256_shared_secret,10000,9416000,0.763301
9,10000,encapsulation,10000,86455000,error_rng_filter,18052,8253000,9.546007
9,10000,encapsulation,10000,86455000,error_sort_collision_check,18052,8235000,9.525187
9,10000,encapsulation,10000,86455000,error_vector_materialize,10000,17365000,20.085594
9,10000,encapsulation,10000,86455000,syndrome_public_key_scan,10000,40951000,47.366838
9,10000,encapsulation,10000,86455000,preimage_copy,10000,382000,0.441848
9,10000,encapsulation,10000,86455000,shake256_shared_secret,10000,9203000,10.644844
9,10000,decapsulation,10000,1113755000,preprocess,10000,911000,0.081795
9,10000,decapsulation,10000,1113755000,benes_inverse,10000,33651000,3.021401
9,10000,decapsulation,10000,1113755000,scaling_fft,10000,131422000,11.799902
9,10000,decapsulation,10000,1113755000,scaling_batch_inverse,10000,126676000,11.373776
9,10000,decapsulation,10000,1113755000,scaling_apply,10000,1292000,0.116004
9,10000,decapsulation,10000,1113755000,syndrome_fft_tr,10000,158243000,14.208062
9,10000,decapsulation,10000,1113755000,berlekamp_massey,10000,277577000,24.922627
9,10000,decapsulation,10000,1113755000,locator_fft,10000,127887000,11.482507
9,10000,decapsulation,10000,1113755000,root_extract,10000,581000,0.052166
9,10000,decapsulation,10000,1113755000,scaling_inverse_apply,10000,1029000,0.092390
9,10000,decapsulation,10000,1113755000,reencrypt_fft_tr,10000,157935000,14.180408
9,10000,decapsulation,10000,1113755000,syndrome_compare,10000,217000,0.019484
9,10000,decapsulation,10000,1113755000,benes_forward,10000,34095000,3.061266
9,10000,decapsulation,10000,1113755000,postprocess,10000,498000,0.044714
9,10000,decapsulation,10000,1113755000,weight_check,10000,47623000,4.275896
9,10000,decapsulation,10000,1113755000,preimage_select,10000,631000,0.056655
9,10000,decapsulation,10000,1113755000,shake256_shared_secret,10000,9120000,0.818852
