trial,iterations,pkgen_calls,successes,duplicate_failures,pivot_failures,keypair_total_ms,pkgen_total_ms,success_pkgen_ms,failure_pkgen_ms,phase,success_phase_ms,success_share_pct,all_phase_ms,all_share_pct
1,30,76,30,0,46,680.310000,501.870000,272.974000,228.896000,inverse_eval,0.770000,0.282078,1.964000,0.391336
1,30,76,30,0,46,680.310000,501.870000,272.974000,228.896000,permutation_sort,3.439000,1.259827,8.669000,1.727340
1,30,76,30,0,46,680.310000,501.870000,272.974000,228.896000,left_matrix_build,1.442000,0.528255,3.763000,0.749796
1,30,76,30,0,46,680.310000,501.870000,272.974000,228.896000,ops_init,0.034000,0.012455,0.093000,0.018531
1,30,76,30,0,46,680.310000,501.870000,272.974000,228.896000,pivot_search,72.423000,26.531098,183.090000,36.481559
1,30,76,30,0,46,680.310000,501.870000,272.974000,228.896000,forward_elimination,70.604000,25.864734,178.454000,35.557814
1,30,76,30,0,46,680.310000,501.870000,272.974000,228.896000,backward_elimination,24.721000,9.056174,24.721000,4.925778
1,30,76,30,0,46,680.310000,501.870000,272.974000,228.896000,right_matrix_build,5.158000,1.889557,5.158000,1.027756
1,30,76,30,0,46,680.310000,501.870000,272.974000,228.896000,apply_linear_map,91.729000,33.603567,91.729000,18.277442
1,30,76,30,0,46,680.310000,501.870000,272.974000,228.896000,serialize,0.625000,0.228960,0.625000,0.124534
2,30,97,30,0,67,878.792000,643.902000,291.603000,352.299000,inverse_eval,0.803000,0.275374,2.599000,0.403633
2,30,97,30,0,67,878.792000,643.902000,291.603000,352.299000,permutation_sort,4.099000,1.405678,12.037000,1.869384
2,30,97,30,0,67,878.792000,643.902000,291.603000,352.299000,left_matrix_build,1.514000,0.519199,4.902000,0.761296
2,30,97,30,0,67,878.792000,643.902000,291.603000,352.299000,ops_init,0.038000,0.013031,0.119000,0.018481
2,30,97,30,0,67,878.792000,643.902000,291.603000,352.299000,pivot_search,77.776000,26.671879,247.671000,38.464083
2,30,97,30,0,67,878.792000,643.902000,291.603000,352.299000,forward_elimination,76.380000,26.193146,243.269000,37.780439
2,30,97,30,0,67,878.792000,643.902000,291.603000,352.299000,backward_elimination,27.919000,9.574319,27.919000,4.335908
2,30,97,30,0,67,878.792000,643.902000,291.603000,352.299000,right_matrix_build,5.593000,1.918019,5.593000,0.868610
2,30,97,30,0,67,878.792000,643.902000,291.603000,352.299000,apply_linear_map,94.666000,32.464001,94.666000,14.701927
2,30,97,30,0,67,878.792000,643.902000,291.603000,352.299000,serialize,0.696000,0.238681,0.696000,0.108091
3,30,100,30,0,70,854.373000,628.948000,275.837000,353.111000,inverse_eval,0.791000,0.286764,2.643000,0.420226
3,30,100,30,0,70,854.373000,628.948000,275.837000,353.111000,permutation_sort,3.449000,1.250376,11.632000,1.849437
3,30,100,30,0,70,854.373000,628.948000,275.837000,353.111000,left_matrix_build,1.450000,0.525673,5.063000,0.804995
3,30,100,30,0,70,854.373000,628.948000,275.837000,353.111000,ops_init,0.035000,0.012689,0.119000,0.018920
3,30,100,30,0,70,854.373000,628.948000,275.837000,353.111000,pivot_search,72.521000,26.291252,243.226000,38.671877
3,30,100,30,0,70,854.373000,628.948000,275.837000,353.111000,forward_elimination,70.885000,25.698148,237.282000,37.726807
3,30,100,30,0,70,854.373000,628.948000,275.837000,353.111000,backward_elimination,26.227000,9.508152,26.227000,4.169979
3,30,100,30,0,70,854.373000,628.948000,275.837000,353.111000,right_matrix_build,5.366000,1.945352,5.366000,0.853171
3,30,100,30,0,70,854.373000,628.948000,275.837000,353.111000,apply_linear_map,92.439000,33.512183,92.439000,14.697399
3,30,100,30,0,70,854.373000,628.948000,275.837000,353.111000,serialize,0.637000,0.230933,0.637000,0.101280
4,30,98,30,1,67,836.460000,615.638000,278.999000,336.639000,inverse_eval,0.821000,0.294266,2.592000,0.421027
4,30,98,30,1,67,836.460000,615.638000,278.999000,336.639000,permutation_sort,3.535000,1.267030,11.257000,1.828510
4,30,98,30,1,67,836.460000,615.638000,278.999000,336.639000,left_matrix_build,1.490000,0.534052,5.073000,0.824023
4,30,98,30,1,67,836.460000,615.638000,278.999000,336.639000,ops_init,0.038000,0.013620,0.110000,0.017868
4,30,98,30,1,67,836.460000,615.638000,278.999000,336.639000,pivot_search,73.698000,26.415148,236.532000,38.420630
4,30,98,30,1,67,836.460000,615.638000,278.999000,336.639000,forward_elimination,71.911000,25.774644,230.261000,37.402012
4,30,98,30,1,67,836.460000,615.638000,278.999000,336.639000,backward_elimination,25.621000,9.183187,25.621000,4.161699
4,30,98,30,1,67,836.460000,615.638000,278.999000,336.639000,right_matrix_build,5.328000,1.909684,5.328000,0.865444
4,30,98,30,1,67,836.460000,615.638000,278.999000,336.639000,apply_linear_map,93.814000,33.625210,93.814000,15.238501
4,30,98,30,1,67,836.460000,615.638000,278.999000,336.639000,serialize,0.751000,0.269177,0.751000,0.121987
5,30,95,30,1,64,823.581000,607.149000,283.220000,323.929000,inverse_eval,0.819000,0.289174,2.513000,0.413902
5,30,95,30,1,64,823.581000,607.149000,283.220000,323.929000,permutation_sort,3.610000,1.274627,11.029000,1.816523
5,30,95,30,1,64,823.581000,607.149000,283.220000,323.929000,left_matrix_build,1.500000,0.529624,4.571000,0.752863
5,30,95,30,1,64,823.581000,607.149000,283.220000,323.929000,ops_init,0.032000,0.011299,0.107000,0.017623
5,30,95,30,1,64,823.581000,607.149000,283.220000,323.929000,pivot_search,74.621000,26.347362,231.799000,38.178273
5,30,95,30,1,64,823.581000,607.149000,283.220000,323.929000,forward_elimination,74.183000,26.192712,226.483000,37.302705
5,30,95,30,1,64,823.581000,607.149000,283.220000,323.929000,backward_elimination,26.725000,9.436127,26.725000,4.401720
5,30,95,30,1,64,823.581000,607.149000,283.220000,323.929000,right_matrix_build,6.224000,2.197585,6.224000,1.025119
5,30,95,30,1,64,823.581000,607.149000,283.220000,323.929000,apply_linear_map,92.898000,32.800650,92.898000,15.300692
5,30,95,30,1,64,823.581000,607.149000,283.220000,323.929000,serialize,0.655000,0.231269,0.655000,0.107881
6,30,118,30,0,88,988.896000,729.573000,279.017000,450.556000,inverse_eval,0.827000,0.296398,3.139000,0.430252
6,30,118,30,0,88,988.896000,729.573000,279.017000,450.556000,permutation_sort,3.514000,1.259421,13.709000,1.879044
6,30,118,30,0,88,988.896000,729.573000,279.017000,450.556000,left_matrix_build,1.464000,0.524699,5.786000,0.793067
6,30,118,30,0,88,988.896000,729.573000,279.017000,450.556000,ops_init,0.034000,0.012186,0.136000,0.018641
6,30,118,30,0,88,988.896000,729.573000,279.017000,450.556000,pivot_search,73.962000,26.508062,291.830000,40.000110
6,30,118,30,0,88,988.896000,729.573000,279.017000,450.556000,forward_elimination,72.035000,25.817423,284.709000,39.024059
6,30,118,30,0,88,988.896000,729.573000,279.017000,450.556000,backward_elimination,25.650000,9.192988,25.650000,3.515755
6,30,118,30,0,88,988.896000,729.573000,279.017000,450.556000,right_matrix_build,5.320000,1.906694,5.320000,0.729194
6,30,118,30,0,88,988.896000,729.573000,279.017000,450.556000,apply_linear_map,93.414000,33.479680,93.414000,12.803928
6,30,118,30,0,88,988.896000,729.573000,279.017000,450.556000,serialize,0.757000,0.271310,0.757000,0.103759
7,30,117,30,0,87,1061.065000,775.019000,281.654000,493.365000,inverse_eval,0.781000,0.277291,3.213000,0.414570
7,30,117,30,0,87,1061.065000,775.019000,281.654000,493.365000,permutation_sort,3.487000,1.238044,14.950000,1.928985
7,30,117,30,0,87,1061.065000,775.019000,281.654000,493.365000,left_matrix_build,1.527000,0.542155,6.013000,0.775852
7,30,117,30,0,87,1061.065000,775.019000,281.654000,493.365000,ops_init,0.049000,0.017397,0.158000,0.020387
7,30,117,30,0,87,1061.065000,775.019000,281.654000,493.365000,pivot_search,73.326000,26.034070,319.346000,41.204925
7,30,117,30,0,87,1061.065000,775.019000,281.654000,493.365000,forward_elimination,71.867000,25.516059,297.621000,38.401768
7,30,117,30,0,87,1061.065000,775.019000,281.654000,493.365000,backward_elimination,27.429000,9.738544,27.429000,3.539139
7,30,117,30,0,87,1061.065000,775.019000,281.654000,493.365000,right_matrix_build,5.561000,1.974408,5.561000,0.717531
7,30,117,30,0,87,1061.065000,775.019000,281.654000,493.365000,apply_linear_map,94.630000,33.597961,94.630000,12.210023
7,30,117,30,0,87,1061.065000,775.019000,281.654000,493.365000,serialize,0.765000,0.271610,0.765000,0.098707
8,30,105,30,1,74,1060.651000,797.861000,343.571000,454.290000,inverse_eval,0.807000,0.234886,2.856000,0.357957
8,30,105,30,1,74,1060.651000,797.861000,343.571000,454.290000,permutation_sort,4.053000,1.179669,12.850000,1.610556
8,30,105,30,1,74,1060.651000,797.861000,343.571000,454.290000,left_matrix_build,1.494000,0.434845,5.264000,0.659764
8,30,105,30,1,74,1060.651000,797.861000,343.571000,454.290000,ops_init,0.038000,0.011060,0.128000,0.016043
8,30,105,30,1,74,1060.651000,797.861000,343.571000,454.290000,pivot_search,82.906000,24.130675,291.530000,36.538946
8,30,105,30,1,74,1060.651000,797.861000,343.571000,454.290000,forward_elimination,84.916000,24.715707,313.405000,39.280652
8,30,105,30,1,74,1060.651000,797.861000,343.571000,454.290000,backward_elimination,38.642000,11.247166,38.642000,4.843200
8,30,105,30,1,74,1060.651000,797.861000,343.571000,454.290000,right_matrix_build,5.770000,1.679420,5.770000,0.723184
8,30,105,30,1,74,1060.651000,797.861000,343.571000,454.290000,apply_linear_map,122.135000,35.548693,122.135000,15.307804
8,30,105,30,1,74,1060.651000,797.861000,343.571000,454.290000,serialize,0.740000,0.215385,0.740000,0.092748
9,30,81,30,1,50,771.909000,558.814000,299.032000,259.782000,inverse_eval,0.831000,0.277897,2.198000,0.393333
9,30,81,30,1,50,771.909000,558.814000,299.032000,259.782000,permutation_sort,3.778000,1.263410,9.722000,1.739756
9,30,81,30,1,50,771.909000,558.814000,299.032000,259.782000,left_matrix_build,1.574000,0.526365,4.060000,0.726539
9,30,81,30,1,50,771.909000,558.814000,299.032000,259.782000,ops_init,0.038000,0.012708,0.100000,0.017895
9,30,81,30,1,50,771.909000,558.814000,299.032000,259.782000,pivot_search,81.095000,27.119171,206.446000,36.943598
9,30,81,30,1,50,771.909000,558.814000,299.032000,259.782000,forward_elimination,80.645000,26.968686,203.471000,36.411221
9,30,81,30,1,50,771.909000,558.814000,299.032000,259.782000,backward_elimination,26.290000,8.791701,26.290000,4.704607
9,30,81,30,1,50,771.909000,558.814000,299.032000,259.782000,right_matrix_build,5.605000,1.874381,5.605000,1.003017
9,30,81,30,1,50,771.909000,558.814000,299.032000,259.782000,apply_linear_map,96.291000,32.200902,96.291000,17.231315
9,30,81,30,1,50,771.909000,558.814000,299.032000,259.782000,serialize,0.764000,0.255491,0.764000,0.136718
10,30,119,30,0,89,1003.337000,740.375000,284.792000,455.583000,inverse_eval,0.813000,0.285472,3.182000,0.429782
10,30,119,30,0,89,1003.337000,740.375000,284.792000,455.583000,permutation_sort,3.589000,1.260218,13.910000,1.878778
10,30,119,30,0,89,1003.337000,740.375000,284.792000,455.583000,left_matrix_build,1.604000,0.563218,5.991000,0.809185
10,30,119,30,0,89,1003.337000,740.375000,284.792000,455.583000,ops_init,0.040000,0.014045,0.143000,0.019315
10,30,119,30,0,89,1003.337000,740.375000,284.792000,455.583000,pivot_search,74.223000,26.062179,294.315000,39.752153
10,30,119,30,0,89,1003.337000,740.375000,284.792000,455.583000,forward_elimination,72.835000,25.574805,288.062000,38.907581
10,30,119,30,0,89,1003.337000,740.375000,284.792000,455.583000,backward_elimination,25.977000,9.121394,25.977000,3.508627
10,30,119,30,0,89,1003.337000,740.375000,284.792000,455.583000,right_matrix_build,5.337000,1.873999,5.337000,0.720851
10,30,119,30,0,89,1003.337000,740.375000,284.792000,455.583000,apply_linear_map,97.502000,34.236215,97.502000,13.169272
10,30,119,30,0,89,1003.337000,740.375000,284.792000,455.583000,serialize,0.703000,0.246847,0.703000,0.094952
11,30,125,30,0,95,1036.993000,765.666000,281.688000,483.978000,inverse_eval,0.785000,0.278677,3.308000,0.432042
11,30,125,30,0,95,1036.993000,765.666000,281.688000,483.978000,permutation_sort,3.481000,1.235764,14.525000,1.897041
11,30,125,30,0,95,1036.993000,765.666000,281.688000,483.978000,left_matrix_build,1.451000,0.515109,6.187000,0.808055
11,30,125,30,0,95,1036.993000,765.666000,281.688000,483.978000,ops_init,0.034000,0.012070,0.150000,0.019591
11,30,125,30,0,95,1036.993000,765.666000,281.688000,483.978000,pivot_search,74.522000,26.455511,309.081000,40.367602
11,30,125,30,0,95,1036.993000,765.666000,281.688000,483.978000,forward_elimination,72.577000,25.765031,300.283000,39.218537
11,30,125,30,0,95,1036.993000,765.666000,281.688000,483.978000,backward_elimination,26.369000,9.361066,26.369000,3.443930
11,30,125,30,0,95,1036.993000,765.666000,281.688000,483.978000,right_matrix_build,5.435000,1.929440,5.435000,0.709840
11,30,125,30,0,95,1036.993000,765.666000,281.688000,483.978000,apply_linear_map,94.323000,33.484919,94.323000,12.319079
11,30,125,30,0,95,1036.993000,765.666000,281.688000,483.978000,serialize,0.677000,0.240337,0.677000,0.088420
