implementation,trial,stage,region,calls,total_ns,stage_total_ns
reference,0,keygen,total,1,1429375.000,1429375.000
reference,0,keygen,system_random,1,4250.000,1429375.000
reference,0,keygen,seed_a_xof,1,333.333,1429375.000
reference,0,keygen,sample_xof,1,48083.333,1429375.000
reference,0,keygen,public_key_hash,1,12916.667,1429375.000
reference,0,keygen,derive_xof,0,0.000,1429375.000
reference,0,keygen,shared_secret_xof,0,0.000,1429375.000
reference,0,keygen,a_generation,1,1195541.667,1429375.000
reference,0,keygen,large_matrix_mac,1,97125.000,1429375.000
reference,0,keygen,small_matrix_mac,0,0.000,1429375.000
reference,0,keygen,noise_sampling,2,35500.000,1429375.000
reference,0,keygen,pack,1,23750.000,1429375.000
reference,0,keygen,unpack,0,0.000,1429375.000
reference,0,keygen,small_arithmetic,0,0.000,1429375.000
reference,0,keygen,verify_select,0,0.000,1429375.000
reference,0,keygen,secret_clear,4,6541.667,1429375.000
reference,0,encaps,total,1,3449666.667,3449666.667
reference,0,encaps,system_random,1,3541.667,3449666.667
reference,0,encaps,seed_a_xof,0,0.000,3449666.667
reference,0,encaps,sample_xof,1,52083.333,3449666.667
reference,0,encaps,public_key_hash,1,24791.667,3449666.667
reference,0,encaps,derive_xof,1,458.333,3449666.667
reference,0,encaps,shared_secret_xof,1,24041.667,3449666.667
reference,0,encaps,a_generation,1,1147333.333,3449666.667
reference,0,encaps,large_matrix_mac,1,2107750.000,3449666.667
reference,0,encaps,small_matrix_mac,1,5791.667,3449666.667
reference,0,encaps,noise_sampling,3,23000.000,3449666.667
reference,0,encaps,pack,2,23916.667,3449666.667
reference,0,encaps,unpack,1,24750.000,3449666.667
reference,0,encaps,small_arithmetic,2,41.667,3449666.667
reference,0,encaps,verify_select,0,0.000,3449666.667
reference,0,encaps,secret_clear,8,6208.333,3449666.667
reference,0,decaps,total,1,3330958.333,3330958.333
reference,0,decaps,system_random,0,0.000,3330958.333
reference,0,decaps,seed_a_xof,0,0.000,3330958.333
reference,0,decaps,sample_xof,1,25166.667,3330958.333
reference,0,decaps,public_key_hash,0,0.000,3330958.333
reference,0,decaps,derive_xof,1,250.000,3330958.333
reference,0,decaps,shared_secret_xof,1,13166.667,3330958.333
reference,0,decaps,a_generation,1,1125166.667,3330958.333
reference,0,decaps,large_matrix_mac,1,2072500.000,3330958.333
reference,0,decaps,small_matrix_mac,2,7458.333,3330958.333
reference,0,decaps,noise_sampling,3,21291.667,3330958.333
reference,0,decaps,pack,0,0.000,3330958.333
reference,0,decaps,unpack,3,48291.667,3330958.333
reference,0,decaps,small_arithmetic,4,125.000,3330958.333
reference,0,decaps,verify_select,3,500.000,3330958.333
reference,0,decaps,secret_clear,9,9958.333,3330958.333
